,shelter_name,days_at_100,total_days,pct_days_at_100
8,Shelter Plus,3.0,109,2.7522935779816518
1,HomeSafe,2.0,98,2.0408163265306123
3,New Beginnings,2.0,117,1.7094017094017095
9,Sunrise Shelter,1.0,113,0.8849557522123894
0,Harbor Home,1.0,114,0.8771929824561403
2,Hope House,0.0,100,0.0
5,Recovery Residence,0.0,95,0.0
4,Pathway Place,0.0,89,0.0
7,Second Chance,0.0,83,0.0
6,Safe Haven,0.0,82,0.0
