,City,days_at_100,total_days,pct_days_at_100
7,San Antonio,2.0,108,2.4096385542168677
9,San Jose,2.0,90,1.7699115044247788
6,Phoenix,1.0,82,1.2195121951219512
4,New York,1.0,94,1.1235955056179776
1,Dallas,1.0,101,1.0204081632653061
8,San Diego,1.0,97,0.9174311926605505
3,Los Angeles,1.0,116,0.8547008547008548
0,Chicago,0.0,115,0.0
5,Philadelphia,0.0,93,0.0
2,Houston,0.0,104,0.0
